{"cameraMode":{"drawMode":0,"name":"Shaded","section":"Shading Mode"},"sceneLighting":true,"audioPlay":false,"sceneViewState":{"m_AlwaysRefresh":false,"showFog":true,"showSkybox":true,"showFlares":true,"showImageEffects":true,"showParticleSystems":true,"showVisualEffectGraphs":true,"m_FxEnabled":true},"in2DMode":false,"pivot":{"x":-6.867547988891602,"y":0.9445012807846069,"z":-9.033784866333008},"rotation":{"x":0.16981527209281922,"y":-0.041877638548612598,"z":0.006427126005291939,"w":0.9849553108215332},"size":2.726418972015381,"orthographic":false}