{"cameraMode":{"drawMode":0,"name":"Shaded","section":"Shading Mode"},"sceneLighting":true,"audioPlay":false,"sceneViewState":{"m_AlwaysRefresh":false,"showFog":true,"showSkybox":true,"showFlares":true,"showImageEffects":true,"showParticleSystems":true,"showVisualEffectGraphs":true,"m_FxEnabled":true},"in2DMode":false,"pivot":{"x":-4.999947547912598,"y":-2.3816821575164797,"z":3.6479454040527345},"rotation":{"x":0.09842213988304138,"y":-0.0008661015308462083,"z":-0.011803672648966313,"w":0.9952284693717957},"size":8.97354507446289,"orthographic":false}