{"cameraMode":{"drawMode":0,"name":"Shaded","section":"Shading Mode"},"sceneLighting":true,"audioPlay":false,"sceneViewState":{"m_AlwaysRefresh":false,"showFog":true,"showSkybox":true,"showFlares":true,"showImageEffects":true,"showParticleSystems":true,"showVisualEffectGraphs":true,"m_FxEnabled":true},"in2DMode":false,"pivot":{"x":-6.510221004486084,"y":0.548042893409729,"z":-12.583247184753418},"rotation":{"x":-0.007756139617413282,"y":0.11373337358236313,"z":0.000892290729098022,"w":0.9939141273498535},"size":0.5461686253547669,"orthographic":false}